question_id,brier_score_human,brier_score_bioscancast,log_score_human,log_score_bioscancast,accuracy_human,accuracy_bioscancast,rps_human,rps_bioscancast,top_probability_human,top_probability_bioscancast,normalized_entropy_human,normalized_entropy_bioscancast,true_probability_human,true_probability_bioscancast
q1,0.0023540000000000024,0.0007875743611479325,0.0397808700118446,0.022268126605770724,1.0,1.0,0.0005563333333333344,0.00017301251869153035,0.961,0.977977977977978,0.14010886629561287,0.08726774697101813,0.961,0.977977977977978
q3,0.01605400000000002,0.008316633793556866,0.11316869810563811,0.0778229509352235,1.0,1.0,0.005195666666666676,0.0021690992767915826,0.8929999999999999,0.9251282051282051,0.3208118267821115,0.23681862783604404,0.8929999999999999,0.9251282051282051
q7,0.312218,0.4691048977294051,0.5361434317502807,0.6714661144986211,1.0,1.0,0.04727766666666666,0.07665603302683431,0.585,0.5109589041095891,0.5970469495834214,0.536708838458453,0.585,0.5109589041095891
q9,0.006121999999999992,0.0009674975584377677,0.06720874969344999,0.025498576768595627,1.0,1.0,0.001697,0.00023426827672864132,0.935,0.9748237663645518,0.21533457770189754,0.09944818790950914,0.935,0.9748237663645518
