question_id,brier_score_bioscancast,brier_score_llm_baseline,log_score_bioscancast,log_score_llm_baseline,accuracy_bioscancast,accuracy_llm_baseline,rps_bioscancast,rps_llm_baseline,top_probability_bioscancast,top_probability_llm_baseline,normalized_entropy_bioscancast,normalized_entropy_llm_baseline,true_probability_bioscancast,true_probability_llm_baseline
q1,0.0007875743611479325,1.0750000000000002,0.022268126605770724,1.8971199848858815,1.0,0.0,0.00017301251869153035,0.2741666666666667,0.977977977977978,0.5499999999999999,0.08726774697101813,0.8407481647643377,0.977977977977978,0.14999999999999997
q3,0.008316633793556866,1.1150000000000002,0.0778229509352235,2.3025850929940455,1.0,0.0,0.0021690992767915826,0.5008333333333334,0.9251282051282051,0.45,0.23681862783604404,0.9074899102582407,0.9251282051282051,0.1
q7,0.4691048977294051,1.0899999999999999,0.6714661144986211,1.8971199848858813,1.0,0.0,0.07665603302683431,0.315,0.5109589041095891,0.55,0.536708838458453,0.8005071529034175,0.5109589041095891,0.15
q9,0.0009674975584377677,0.03180000000000001,0.025498576768595627,0.16251892949777494,1.0,1.0,0.00023426827672864132,0.009266666666666668,0.9748237663645518,0.85,0.09944818790950914,0.4098887446566551,0.9748237663645518,0.85
