question_id,brier_score_human,brier_score_llm_baseline,log_score_human,log_score_llm_baseline,accuracy_human,accuracy_llm_baseline,rps_human,rps_llm_baseline,top_probability_human,top_probability_llm_baseline,normalized_entropy_human,normalized_entropy_llm_baseline,true_probability_human,true_probability_llm_baseline
q1,0.0023540000000000024,1.0750000000000002,0.0397808700118446,1.8971199848858815,1.0,0.0,0.0005563333333333344,0.2741666666666667,0.961,0.5499999999999999,0.14010886629561287,0.8407481647643377,0.961,0.14999999999999997
q3,0.01605400000000002,1.1150000000000002,0.11316869810563811,2.3025850929940455,1.0,0.0,0.005195666666666676,0.5008333333333334,0.8929999999999999,0.45,0.3208118267821115,0.9074899102582407,0.8929999999999999,0.1
q7,0.312218,1.0899999999999999,0.5361434317502807,1.8971199848858813,1.0,0.0,0.04727766666666666,0.315,0.585,0.55,0.5970469495834214,0.8005071529034175,0.585,0.15
q9,0.006121999999999992,0.03180000000000001,0.06720874969344999,0.16251892949777494,1.0,1.0,0.001697,0.009266666666666668,0.935,0.85,0.21533457770189754,0.4098887446566551,0.935,0.85
