forecast_source,n_questions,mean_brier_score,mean_log_score,mean_accuracy,mean_rps,mean_top_probability,mean_normalized_entropy,mean_true_probability
human,4,0.08418700000000001,0.18907543739030336,1.0,0.013681666666666667,0.8434999999999999,0.3183255550907608,0.8434999999999999
bioscancast,4,0.11979415086063692,0.19926394220205274,1.0,0.019808103274761516,0.8472222133950811,0.24006085029375607,0.8472222133950811
llm_baseline,4,0.8279500000000001,1.5648359980658957,0.25,0.27481666666666665,0.6,0.7396584931456627,0.3125
